PRAGMA foreign_keys=OFF;
BEGIN TRANSACTION;
CREATE TABLE Veicolo (
    idVeicolo INTEGER PRIMARY KEY AUTOINCREMENT,
    marca TEXT NOT NULL,
    modello TEXT NOT NULL,
    colore TEXT NOT NULL,
    prezzo_giornaliero REAL NOT NULL CHECK (prezzo_giornaliero >= 0),
    stato TEXT NOT NULL DEFAULT 'disponibile' CHECK (stato IN ('disponibile', 'noleggiato', 'manutenzione', 'non_disponibile')),
    tipo TEXT NOT NULL CHECK (tipo IN ('auto', 'scooter', 'barca', 'bici elettrica'))
, cambio TEXT CHECK (cambio IN ('manuale', 'automatica')), cabrio INTEGER NOT NULL DEFAULT 0 CHECK (cabrio IN (0, 1)), targa TEXT, cilindrata INTEGER CHECK (cilindrata IN (50, 125, 200)), batteria_watt INTEGER CHECK (batteria_watt IN (250, 500)), lunghezza REAL CHECK (lunghezza IS NULL OR lunghezza > 0));
INSERT INTO Veicolo VALUES(1,'Fiat','500','rosso',58.0,'disponibile','auto','manuale',1,'NA001IS',NULL,NULL,NULL);
INSERT INTO Veicolo VALUES(2,'Piaggio','Liberty 125','bianco',24.5,'disponibile','scooter',NULL,0,'NA002IS',125,NULL,NULL);
INSERT INTO Veicolo VALUES(3,'Beneteau','Flyer 6','blu',180.0,'disponibile','barca',NULL,0,'NA003IS',NULL,NULL,NULL);
INSERT INTO Veicolo VALUES(4,'Nilox','X8','nero',18.0,'disponibile','bici elettrica',NULL,0,'NA004IS',NULL,NULL,NULL);
INSERT INTO Veicolo VALUES(5,'Volkswagen','Golf','grigio',62.0,'disponibile','auto','automatica',0,'NA005IS',NULL,NULL,NULL);
INSERT INTO Veicolo VALUES(6,'Mini','Cooper Cabrio','azzurro',78.0,'disponibile','auto','automatica',1,'NA006IS',NULL,NULL,NULL);
INSERT INTO Veicolo VALUES(7,'Toyota','Yaris Hybrid','bianco',55.0,'disponibile','auto','automatica',0,'NA007IS',NULL,NULL,NULL);
INSERT INTO Veicolo VALUES(8,'Fiat','Panda','verde',34.0,'disponibile','auto','manuale',0,'NA008IS',NULL,NULL,NULL);
INSERT INTO Veicolo VALUES(9,'Mazda','MX-5','rosso',82.0,'disponibile','auto','manuale',1,'NA009IS',NULL,NULL,NULL);
INSERT INTO Veicolo VALUES(10,'Honda','SH 125','grigio',29.0,'disponibile','scooter',NULL,0,'NA010IS',125,NULL,NULL);
INSERT INTO Veicolo VALUES(11,'Yamaha','XMAX 200','blu',32.0,'disponibile','scooter',NULL,0,'NA011IS',200,NULL,NULL);
INSERT INTO Veicolo VALUES(12,'Vespa','Primavera 125','giallo',35.0,'noleggiato','scooter',NULL,0,'NA012IS',125,NULL,NULL);
INSERT INTO Veicolo VALUES(13,'Kymco','Agility 125','nero',24.0,'disponibile','scooter',NULL,0,'NA013IS',125,NULL,NULL);
CREATE TABLE IF NOT EXISTS "django_migrations" ("id" integer NOT NULL PRIMARY KEY AUTOINCREMENT, "app" varchar(255) NOT NULL, "name" varchar(255) NOT NULL, "applied" datetime NOT NULL);
INSERT INTO django_migrations VALUES(1,'contenttypes','0001_initial','2026-05-15 13:55:15.870404');
INSERT INTO django_migrations VALUES(2,'contenttypes','0002_remove_content_type_name','2026-05-15 13:55:15.886513');
INSERT INTO django_migrations VALUES(3,'auth','0001_initial','2026-05-15 13:55:15.910925');
INSERT INTO django_migrations VALUES(4,'auth','0002_alter_permission_name_max_length','2026-05-15 13:55:15.927097');
INSERT INTO django_migrations VALUES(5,'auth','0003_alter_user_email_max_length','2026-05-15 13:55:15.942228');
INSERT INTO django_migrations VALUES(6,'auth','0004_alter_user_username_opts','2026-05-15 13:55:15.959014');
INSERT INTO django_migrations VALUES(7,'auth','0005_alter_user_last_login_null','2026-05-15 13:55:15.981454');
INSERT INTO django_migrations VALUES(8,'auth','0006_require_contenttypes_0002','2026-05-15 13:55:15.981454');
INSERT INTO django_migrations VALUES(9,'auth','0007_alter_validators_add_error_messages','2026-05-15 13:55:15.997844');
INSERT INTO django_migrations VALUES(10,'auth','0008_alter_user_username_max_length','2026-05-15 13:55:16.010419');
INSERT INTO django_migrations VALUES(11,'auth','0009_alter_user_last_name_max_length','2026-05-15 13:55:16.026866');
INSERT INTO django_migrations VALUES(12,'auth','0010_alter_group_name_max_length','2026-05-15 13:55:16.043252');
INSERT INTO django_migrations VALUES(13,'auth','0011_update_proxy_permissions','2026-05-15 13:55:16.051977');
INSERT INTO django_migrations VALUES(14,'auth','0012_alter_user_first_name_max_length','2026-05-15 13:55:16.066233');
INSERT INTO django_migrations VALUES(15,'sessions','0001_initial','2026-05-15 13:55:16.082772');
CREATE TABLE IF NOT EXISTS "django_content_type" ("id" integer NOT NULL PRIMARY KEY AUTOINCREMENT, "app_label" varchar(100) NOT NULL, "model" varchar(100) NOT NULL);
INSERT INTO django_content_type VALUES(1,'auth','group');
INSERT INTO django_content_type VALUES(2,'auth','permission');
INSERT INTO django_content_type VALUES(3,'auth','user');
INSERT INTO django_content_type VALUES(4,'contenttypes','contenttype');
INSERT INTO django_content_type VALUES(5,'sessions','session');
INSERT INTO django_content_type VALUES(6,'rental','adminaccount');
INSERT INTO django_content_type VALUES(7,'rental','cliente');
INSERT INTO django_content_type VALUES(8,'rental','pagamento');
INSERT INTO django_content_type VALUES(9,'rental','prenotazione');
INSERT INTO django_content_type VALUES(10,'rental','ritiro');
INSERT INTO django_content_type VALUES(11,'rental','utente');
INSERT INTO django_content_type VALUES(12,'rental','veicolo');
CREATE TABLE IF NOT EXISTS "auth_group_permissions" ("id" integer NOT NULL PRIMARY KEY AUTOINCREMENT, "group_id" integer NOT NULL REFERENCES "auth_group" ("id") DEFERRABLE INITIALLY DEFERRED, "permission_id" integer NOT NULL REFERENCES "auth_permission" ("id") DEFERRABLE INITIALLY DEFERRED);
CREATE TABLE IF NOT EXISTS "auth_user_groups" ("id" integer NOT NULL PRIMARY KEY AUTOINCREMENT, "user_id" integer NOT NULL REFERENCES "auth_user" ("id") DEFERRABLE INITIALLY DEFERRED, "group_id" integer NOT NULL REFERENCES "auth_group" ("id") DEFERRABLE INITIALLY DEFERRED);
CREATE TABLE IF NOT EXISTS "auth_user_user_permissions" ("id" integer NOT NULL PRIMARY KEY AUTOINCREMENT, "user_id" integer NOT NULL REFERENCES "auth_user" ("id") DEFERRABLE INITIALLY DEFERRED, "permission_id" integer NOT NULL REFERENCES "auth_permission" ("id") DEFERRABLE INITIALLY DEFERRED);
CREATE TABLE IF NOT EXISTS "auth_permission" ("id" integer NOT NULL PRIMARY KEY AUTOINCREMENT, "content_type_id" integer NOT NULL REFERENCES "django_content_type" ("id") DEFERRABLE INITIALLY DEFERRED, "codename" varchar(100) NOT NULL, "name" varchar(255) NOT NULL);
INSERT INTO auth_permission VALUES(1,2,'add_permission','Can add permission');
INSERT INTO auth_permission VALUES(2,2,'change_permission','Can change permission');
INSERT INTO auth_permission VALUES(3,2,'delete_permission','Can delete permission');
INSERT INTO auth_permission VALUES(4,2,'view_permission','Can view permission');
INSERT INTO auth_permission VALUES(5,1,'add_group','Can add group');
INSERT INTO auth_permission VALUES(6,1,'change_group','Can change group');
INSERT INTO auth_permission VALUES(7,1,'delete_group','Can delete group');
INSERT INTO auth_permission VALUES(8,1,'view_group','Can view group');
INSERT INTO auth_permission VALUES(9,3,'add_user','Can add user');
INSERT INTO auth_permission VALUES(10,3,'change_user','Can change user');
INSERT INTO auth_permission VALUES(11,3,'delete_user','Can delete user');
INSERT INTO auth_permission VALUES(12,3,'view_user','Can view user');
INSERT INTO auth_permission VALUES(13,4,'add_contenttype','Can add content type');
INSERT INTO auth_permission VALUES(14,4,'change_contenttype','Can change content type');
INSERT INTO auth_permission VALUES(15,4,'delete_contenttype','Can delete content type');
INSERT INTO auth_permission VALUES(16,4,'view_contenttype','Can view content type');
INSERT INTO auth_permission VALUES(17,5,'add_session','Can add session');
INSERT INTO auth_permission VALUES(18,5,'change_session','Can change session');
INSERT INTO auth_permission VALUES(19,5,'delete_session','Can delete session');
INSERT INTO auth_permission VALUES(20,5,'view_session','Can view session');
INSERT INTO auth_permission VALUES(21,11,'add_utente','Can add utente');
INSERT INTO auth_permission VALUES(22,11,'change_utente','Can change utente');
INSERT INTO auth_permission VALUES(23,11,'delete_utente','Can delete utente');
INSERT INTO auth_permission VALUES(24,11,'view_utente','Can view utente');
INSERT INTO auth_permission VALUES(25,7,'add_cliente','Can add cliente');
INSERT INTO auth_permission VALUES(26,7,'change_cliente','Can change cliente');
INSERT INTO auth_permission VALUES(27,7,'delete_cliente','Can delete cliente');
INSERT INTO auth_permission VALUES(28,7,'view_cliente','Can view cliente');
INSERT INTO auth_permission VALUES(29,12,'add_veicolo','Can add veicolo');
INSERT INTO auth_permission VALUES(30,12,'change_veicolo','Can change veicolo');
INSERT INTO auth_permission VALUES(31,12,'delete_veicolo','Can delete veicolo');
INSERT INTO auth_permission VALUES(32,12,'view_veicolo','Can view veicolo');
INSERT INTO auth_permission VALUES(33,10,'add_ritiro','Can add ritiro');
INSERT INTO auth_permission VALUES(34,10,'change_ritiro','Can change ritiro');
INSERT INTO auth_permission VALUES(35,10,'delete_ritiro','Can delete ritiro');
INSERT INTO auth_permission VALUES(36,10,'view_ritiro','Can view ritiro');
INSERT INTO auth_permission VALUES(37,9,'add_prenotazione','Can add prenotazione');
INSERT INTO auth_permission VALUES(38,9,'change_prenotazione','Can change prenotazione');
INSERT INTO auth_permission VALUES(39,9,'delete_prenotazione','Can delete prenotazione');
INSERT INTO auth_permission VALUES(40,9,'view_prenotazione','Can view prenotazione');
INSERT INTO auth_permission VALUES(41,8,'add_pagamento','Can add pagamento');
INSERT INTO auth_permission VALUES(42,8,'change_pagamento','Can change pagamento');
INSERT INTO auth_permission VALUES(43,8,'delete_pagamento','Can delete pagamento');
INSERT INTO auth_permission VALUES(44,8,'view_pagamento','Can view pagamento');
INSERT INTO auth_permission VALUES(45,6,'add_adminaccount','Can add admin account');
INSERT INTO auth_permission VALUES(46,6,'change_adminaccount','Can change admin account');
INSERT INTO auth_permission VALUES(47,6,'delete_adminaccount','Can delete admin account');
INSERT INTO auth_permission VALUES(48,6,'view_adminaccount','Can view admin account');
CREATE TABLE IF NOT EXISTS "auth_group" ("id" integer NOT NULL PRIMARY KEY AUTOINCREMENT, "name" varchar(150) NOT NULL UNIQUE);
CREATE TABLE IF NOT EXISTS "auth_user" ("id" integer NOT NULL PRIMARY KEY AUTOINCREMENT, "password" varchar(128) NOT NULL, "last_login" datetime NULL, "is_superuser" bool NOT NULL, "username" varchar(150) NOT NULL UNIQUE, "last_name" varchar(150) NOT NULL, "email" varchar(254) NOT NULL, "is_staff" bool NOT NULL, "is_active" bool NOT NULL, "date_joined" datetime NOT NULL, "first_name" varchar(150) NOT NULL);
CREATE TABLE IF NOT EXISTS "django_session" ("session_key" varchar(40) NOT NULL PRIMARY KEY, "session_data" text NOT NULL, "expire_date" datetime NOT NULL);
INSERT INTO django_session VALUES('bd3b0e40ucojclira5y362sm58al6vva','eyJyb2xlIjoiYWRtaW4iLCJpZCI6MX0:1wNr9c:2kmEyp4UY-XXoXMcxRCSvEJs5ZRRsUEHGx-cTrpFke0','2026-05-29 13:56:32.768438');
INSERT INTO django_session VALUES('n7703tdxk20ffdvebbz3vr0av1k99gp8','eyJyb2xlIjoiY2xpZW50ZSIsImlkIjoxfQ:1wNr9c:hjllEBAIL-QkyKfpzP7EPRGiJsnTY50lhomX6dNStfU','2026-05-29 13:56:32.865436');
INSERT INTO django_session VALUES('cf37fa8dkfbaoos3oqfkgvit7a9kwaws','eyJyb2xlIjoiYWRtaW4iLCJpZCI6MX0:1wNr9n:yazBMHbGf2wJlwyp5bZ2OKzj0X-DoLOjb0sPqLMgRKA','2026-05-29 13:56:43.491283');
INSERT INTO django_session VALUES('c538z1qge6kev8elowylvng9jtlvgzvd','eyJyb2xlIjoiYWRtaW4iLCJpZCI6MX0:1wNrFO:VkIjyZlM0NX15qE6YTCl6vPZiCvlSz7kpxDZX5MohIU','2026-05-29 14:02:30.698438');
INSERT INTO django_session VALUES('jv8y2p870gt1u3rz7dmffn5rnn0qrzc4','eyJyb2xlIjoiYWRtaW4iLCJpZCI6MX0:1wNrS5:CQHdNCR5sJZJn8XAE8KQ4YbmCmPvzae_g0bdNyixxWM','2026-05-29 14:15:37.017234');
INSERT INTO django_session VALUES('ju2evy2wjnw8tyehe3mfoubztxh90okv','eyJyb2xlIjoiY2xpZW50ZSIsImlkIjoxfQ:1wNrS5:lPztcNqOtVTMyKRZ7taGeLKIttH8vydiK6TYt5-1JFc','2026-05-29 14:15:37.113443');
INSERT INTO django_session VALUES('wjd1n265uapg2y9iejrpoj8wnyrl8vsm','eyJyb2xlIjoiYWRtaW4iLCJpZCI6MX0:1wNrUN:zbdqa2gy0HFnAeuNuWWUYu_yY6iFoYX5Q_-jldsxyFQ','2026-05-29 14:17:59.233717');
INSERT INTO django_session VALUES('qz5sixfl240if79tjj6wz3id10gu08z4','eyJyb2xlIjoiY2xpZW50ZSIsImlkIjoxfQ:1wNrUN:MD7Q01xD0TZs6B12F4UOZ0I0IClx3h8cOsfdmwdCpsw','2026-05-29 14:17:59.310037');
INSERT INTO django_session VALUES('alaobb581zfr05uajebmqcgtg4kbeqdm','eyJyb2xlIjoiYWRtaW4iLCJpZCI6MX0:1wOggC:h2m3jzlnMbkJ_Rm9hcJxNb-w29me1FW2tuSIPVzGQM0','2026-05-31 20:57:36.526429');
INSERT INTO django_session VALUES('fhai80o2cd079d9lwh28886jsw6xyse9','eyJyb2xlIjoiY2xpZW50ZSIsImlkIjoxfQ:1wVBeo:t1t_7eRQ86Q9fP75wn6ZagJyigVzj9lICuiR4Xx4ap0','2026-06-18 19:15:02.788926');
INSERT INTO django_session VALUES('w8v9amr8o4dk29r8jvb6k113rcg14xm7','eyJyb2xlIjoiY2xpZW50ZSIsImlkIjoxfQ:1wVBgT:NRcATKgOCR8ybtUQi0T6upcH9tfX3sapv9ZpH4Ectrc','2026-06-18 19:16:45.890847');
INSERT INTO django_session VALUES('a7ulcgzxe50gzxk1sqmdzp7q7cffaem3','eyJyb2xlIjoiY2xpZW50ZSIsImlkIjoxfQ:1wVBgq:_IKuJcVgl4_j_sT-rR3limvBXF07O7HoGcQG3mi5G18','2026-06-18 19:17:08.290809');
INSERT INTO django_session VALUES('eozxch61p9jxjpht4lvf54726a5uurwq','eyJyb2xlIjoiY2xpZW50ZSIsImlkIjoxfQ:1wVBh4:MEh95wNjk3e0yO8Gf2FZQESyq0z1KGW3seASKLVVyv0','2026-06-18 19:17:22.806579');
INSERT INTO django_session VALUES('zu3undacbfzd55ram2zmbbtzxvt3u1e3','eyJyb2xlIjoic3RhZmYiLCJpZCI6MTJ9:1wVBsk:ta4uiAsTVFk36bd4H0wEwfDmly6JTU1xDvxJGx-DHFM','2026-06-18 19:29:26.432817');
INSERT INTO django_session VALUES('1a9pdiol13w94r1z8ligsne8l1r8grxy','eyJyb2xlIjoic3RhZmYiLCJpZCI6MTJ9:1wVBwt:DXNLUQy_t_ci4ftogUeXAmXJbkRJJTGAX3_jzgFTt0o','2026-06-18 19:33:43.659446');
CREATE TABLE Utente (idUtente INTEGER PRIMARY KEY AUTOINCREMENT, nome TEXT NOT NULL, cognome TEXT, mail TEXT UNIQUE, telefono TEXT, password_hash TEXT, tipo TEXT NOT NULL CHECK (tipo IN ('cliente', 'admin', 'staff')));
INSERT INTO Utente VALUES(1,'Luca','Bianchi','luca.bianchi@example.com','3201112233','pbkdf2_sha256$120000$SmO8xWddWTT9yDtTY+ABhA==$8OWxYC2cLofLkUHgxOq3seJ3hCsAqa1RQjk2fTuoEgo=','cliente');
INSERT INTO Utente VALUES(2,'Giulia','Verdi','giulia.verdi@example.com','3202223344','pbkdf2_sha256$120000$SmO8xWddWTT9yDtTY+ABhA==$8OWxYC2cLofLkUHgxOq3seJ3hCsAqa1RQjk2fTuoEgo=','cliente');
INSERT INTO Utente VALUES(3,'Marco','Rossi','marco.rossi@example.com','3203334455','pbkdf2_sha256$120000$SmO8xWddWTT9yDtTY+ABhA==$8OWxYC2cLofLkUHgxOq3seJ3hCsAqa1RQjk2fTuoEgo=','cliente');
INSERT INTO Utente VALUES(4,'Sara','Neri','sara.neri@example.com','3204445566','pbkdf2_sha256$120000$SmO8xWddWTT9yDtTY+ABhA==$8OWxYC2cLofLkUHgxOq3seJ3hCsAqa1RQjk2fTuoEgo=','cliente');
INSERT INTO Utente VALUES(5,'Paolo','Ferrari','paolo.ferrari@example.com','3205556677','pbkdf2_sha256$120000$SmO8xWddWTT9yDtTY+ABhA==$8OWxYC2cLofLkUHgxOq3seJ3hCsAqa1RQjk2fTuoEgo=','cliente');
INSERT INTO Utente VALUES(6,'Admin Noleggio',NULL,'admin@noleggio.it',NULL,'pbkdf2_sha256$120000$MNqTtGhDDkZQTPtRIuN5xg==$RBGfN5+dPCjN4beDr0aAT4B9Z3qMw5XSezfqHWWzLXs=','admin');
INSERT INTO Utente VALUES(7,'Anna Esposito',NULL,'staff1@noleggio.local',NULL,NULL,'staff');
INSERT INTO Utente VALUES(8,'Davide Conte',NULL,'staff2@noleggio.local',NULL,NULL,'staff');
INSERT INTO Utente VALUES(9,'Marta Romano',NULL,'staff3@noleggio.local',NULL,NULL,'staff');
INSERT INTO Utente VALUES(10,'Francesco Greco',NULL,'staff4@noleggio.local',NULL,NULL,'staff');
INSERT INTO Utente VALUES(11,'Elena Costa',NULL,'staff5@noleggio.local',NULL,NULL,'staff');
INSERT INTO Utente VALUES(12,'Nuovo Staff','Demo','staff6@noleggio.local','0000000000','pbkdf2_sha256$120000$4KAZEwspJNzAcAvZbQddsw==$JIW3S9HkdpnWwWmpovAIaVnGMX+2icwWiZkJrxFE0uM=','staff');
CREATE TABLE Staff (idStaff INTEGER PRIMARY KEY AUTOINCREMENT, idUtente INTEGER NOT NULL UNIQUE, ruolo TEXT NOT NULL, stipendio REAL NOT NULL DEFAULT 0, FOREIGN KEY (idUtente) REFERENCES Utente(idUtente) ON UPDATE CASCADE ON DELETE RESTRICT);
INSERT INTO Staff VALUES(1,7,'responsabile contratti',0.0);
INSERT INTO Staff VALUES(2,8,'addetto consegne',0.0);
INSERT INTO Staff VALUES(3,9,'amministrazione',0.0);
INSERT INTO Staff VALUES(4,10,'tecnico veicoli',0.0);
INSERT INTO Staff VALUES(5,11,'customer care',0.0);
INSERT INTO Staff VALUES(6,12,'addetto noleggio',0.0);
CREATE TABLE Prenotazione (idPrenotazione INTEGER PRIMARY KEY AUTOINCREMENT, idUtente INTEGER NOT NULL, idVeicolo INTEGER NOT NULL, tipo_ritiro TEXT NOT NULL, indirizzo_ritiro TEXT NOT NULL, data_inizio TEXT NOT NULL, data_fine TEXT NOT NULL, stato TEXT NOT NULL DEFAULT 'in_attesa' CHECK (stato IN ('in_attesa', 'accettata', 'rifiutata', 'in_corso', 'completata')), costo_previsto REAL NOT NULL DEFAULT 0 CHECK (costo_previsto >= 0), cauzione_richiesta REAL NOT NULL DEFAULT 0 CHECK (cauzione_richiesta >= 0), note TEXT, CHECK (date(data_inizio) IS NOT NULL), CHECK (date(data_fine) IS NOT NULL), CHECK (date(data_inizio) < date(data_fine)), FOREIGN KEY (idUtente) REFERENCES Utente(idUtente) ON UPDATE CASCADE ON DELETE RESTRICT, FOREIGN KEY (idVeicolo) REFERENCES Veicolo(idVeicolo) ON UPDATE CASCADE ON DELETE RESTRICT);
INSERT INTO Prenotazione VALUES(1,1,1,'sede','Via Roma 10, Napoli','2026-06-01','2026-06-04','rifiutata',114.0,39.899999999999998579,'Prenotazione annullata dal cliente');
INSERT INTO Prenotazione VALUES(2,2,2,'domicilio','Via Toledo 45, Napoli','2026-06-03','2026-06-05','accettata',49.0,0.0,NULL);
INSERT INTO Prenotazione VALUES(3,3,3,'porto','Molo Beverello, Napoli','2026-06-10','2026-06-12','accettata',360.0,0.0,NULL);
INSERT INTO Prenotazione VALUES(4,4,4,'stazione','Piazza Garibaldi, Napoli','2026-06-15','2026-06-18','accettata',54.0,18.899999999999998578,NULL);
INSERT INTO Prenotazione VALUES(5,5,5,'aeroporto','Viale Fulco Ruffo di Calabria, Napoli','2026-06-20','2026-06-25','accettata',260.0,91.0,NULL);
INSERT INTO Prenotazione VALUES(6,1,1,'sede','Ritiro in sede','2026-05-05','2026-05-14','rifiutata',522.0,182.69999999999998863,replace('\nPrenotazione annullata dal cliente','\n',char(10)));
INSERT INTO Prenotazione VALUES(7,1,1,'consegna','via acquetto 33 c, via acquedotto 33 c','2026-05-20','2026-05-21','rifiutata',58.0,10.0,replace('\nPrenotazione annullata dal cliente\nPrenotazione annullata dal cliente','\n',char(10)));
INSERT INTO Prenotazione VALUES(8,1,1,'sede','Ritiro in sede','2026-05-06','2026-05-14','rifiutata',464.0,162.40000000000000567,'');
INSERT INTO Prenotazione VALUES(9,1,6,'consegna','via porto ','2026-06-18','2026-06-21','in_attesa',234.0,81.900000000000005686,'ho 21 anni ');
CREATE TABLE Contratto (idContratto INTEGER PRIMARY KEY AUTOINCREMENT, idPrenotazione INTEGER NOT NULL UNIQUE, idVeicolo INTEGER NOT NULL, idStaff INTEGER, data_stipula TEXT, costo_totale REAL NOT NULL CHECK (costo_totale >= 0), cauzione_importo REAL NOT NULL DEFAULT 0 CHECK (cauzione_importo >= 0), cauzione_stato TEXT NOT NULL DEFAULT 'richiesto' CHECK (cauzione_stato IN ('richiesto', 'pagato', 'rimborsato')), cauzione_data_pagamento TEXT, saldo_importo REAL NOT NULL DEFAULT 0 CHECK (saldo_importo >= 0), saldo_stato TEXT NOT NULL DEFAULT 'richiesto' CHECK (saldo_stato IN ('richiesto', 'pagato', 'rimborsato')), saldo_data_pagamento TEXT, CHECK (data_stipula IS NULL OR date(data_stipula) IS NOT NULL), FOREIGN KEY (idPrenotazione) REFERENCES Prenotazione(idPrenotazione) ON UPDATE CASCADE ON DELETE RESTRICT, FOREIGN KEY (idVeicolo) REFERENCES Veicolo(idVeicolo) ON UPDATE CASCADE ON DELETE RESTRICT, FOREIGN KEY (idStaff) REFERENCES Staff(idStaff) ON UPDATE CASCADE ON DELETE RESTRICT);
INSERT INTO Contratto VALUES(1,1,1,1,'2026-05-20',114.0,39.899999999999998579,'rimborsato','2026-05-05',74.099999999999994317,'richiesto',NULL);
INSERT INTO Contratto VALUES(2,2,2,2,'2026-05-21',49.0,0.0,'pagato','2026-05-05',49.0,'pagato','2026-05-05');
INSERT INTO Contratto VALUES(3,3,3,3,'2026-05-22',360.0,0.0,'richiesto',NULL,360.0,'pagato','2026-05-05');
INSERT INTO Contratto VALUES(4,4,4,4,'2026-05-23',54.0,18.899999999999998578,'pagato','2026-05-05',35.10000000000000142,'pagato','2026-05-05');
INSERT INTO Contratto VALUES(5,5,5,5,'2026-05-24',260.0,91.0,'richiesto',NULL,169.0,'pagato','2026-05-05');
INSERT INTO Contratto VALUES(6,6,1,NULL,NULL,522.0,182.69999999999998863,'richiesto',NULL,339.30000000000001137,'richiesto',NULL);
INSERT INTO Contratto VALUES(7,7,1,NULL,NULL,58.0,10.0,'richiesto',NULL,58.0,'richiesto',NULL);
INSERT INTO Contratto VALUES(8,8,1,NULL,NULL,464.0,162.40000000000000567,'richiesto',NULL,301.60000000000002273,'pagato','2026-05-05');
INSERT INTO Contratto VALUES(9,9,6,NULL,NULL,234.0,81.900000000000005686,'richiesto',NULL,152.09999999999999431,'richiesto',NULL);
DELETE FROM sqlite_sequence;
INSERT INTO sqlite_sequence VALUES('Veicolo',13);
INSERT INTO sqlite_sequence VALUES('django_migrations',15);
INSERT INTO sqlite_sequence VALUES('django_content_type',12);
INSERT INTO sqlite_sequence VALUES('auth_permission',48);
INSERT INTO sqlite_sequence VALUES('auth_group',0);
INSERT INTO sqlite_sequence VALUES('auth_user',0);
INSERT INTO sqlite_sequence VALUES('Utente',12);
INSERT INTO sqlite_sequence VALUES('Staff',6);
INSERT INTO sqlite_sequence VALUES('Prenotazione',9);
INSERT INTO sqlite_sequence VALUES('Contratto',9);
CREATE UNIQUE INDEX idx_veicolo_demo_unique ON Veicolo(marca, modello, colore, tipo);
CREATE UNIQUE INDEX idx_veicolo_targa ON Veicolo(targa);
CREATE UNIQUE INDEX "django_content_type_app_label_model_76bd3d3b_uniq" ON "django_content_type" ("app_label", "model");
CREATE UNIQUE INDEX "auth_group_permissions_group_id_permission_id_0cd325b0_uniq" ON "auth_group_permissions" ("group_id", "permission_id");
CREATE INDEX "auth_group_permissions_group_id_b120cbf9" ON "auth_group_permissions" ("group_id");
CREATE INDEX "auth_group_permissions_permission_id_84c5c92e" ON "auth_group_permissions" ("permission_id");
CREATE UNIQUE INDEX "auth_user_groups_user_id_group_id_94350c0c_uniq" ON "auth_user_groups" ("user_id", "group_id");
CREATE INDEX "auth_user_groups_user_id_6a12ed8b" ON "auth_user_groups" ("user_id");
CREATE INDEX "auth_user_groups_group_id_97559544" ON "auth_user_groups" ("group_id");
CREATE UNIQUE INDEX "auth_user_user_permissions_user_id_permission_id_14a6b632_uniq" ON "auth_user_user_permissions" ("user_id", "permission_id");
CREATE INDEX "auth_user_user_permissions_user_id_a95ead1b" ON "auth_user_user_permissions" ("user_id");
CREATE INDEX "auth_user_user_permissions_permission_id_1fbb5f2c" ON "auth_user_user_permissions" ("permission_id");
CREATE UNIQUE INDEX "auth_permission_content_type_id_codename_01ab375a_uniq" ON "auth_permission" ("content_type_id", "codename");
CREATE INDEX "auth_permission_content_type_id_2f476e4b" ON "auth_permission" ("content_type_id");
CREATE INDEX "django_session_expire_date_a5c62663" ON "django_session" ("expire_date");
CREATE INDEX idx_prenotazione_utente ON Prenotazione(idUtente);
CREATE INDEX idx_prenotazione_veicolo_periodo ON Prenotazione(idVeicolo, data_inizio, data_fine);
CREATE INDEX idx_contratto_veicolo ON Contratto(idVeicolo);
CREATE INDEX idx_contratto_staff ON Contratto(idStaff);
CREATE TRIGGER trg_prenotazione_no_overlap_insert BEFORE INSERT ON Prenotazione FOR EACH ROW WHEN NEW.stato NOT IN ('rifiutata') BEGIN SELECT RAISE(ABORT, 'Il veicolo e gia prenotato in un periodo sovrapposto') WHERE EXISTS (SELECT 1 FROM Prenotazione p WHERE p.idVeicolo = NEW.idVeicolo AND p.stato NOT IN ('rifiutata') AND date(NEW.data_inizio) < date(p.data_fine) AND date(NEW.data_fine) > date(p.data_inizio)); END;
CREATE TRIGGER trg_prenotazione_no_overlap_update BEFORE UPDATE OF idVeicolo, data_inizio, data_fine, stato ON Prenotazione FOR EACH ROW WHEN NEW.stato NOT IN ('rifiutata') BEGIN SELECT RAISE(ABORT, 'Il veicolo e gia prenotato in un periodo sovrapposto') WHERE EXISTS (SELECT 1 FROM Prenotazione p WHERE p.idPrenotazione <> NEW.idPrenotazione AND p.idVeicolo = NEW.idVeicolo AND p.stato NOT IN ('rifiutata') AND date(NEW.data_inizio) < date(p.data_fine) AND date(NEW.data_fine) > date(p.data_inizio)); END;
CREATE TRIGGER trg_contratto_veicolo_coerente_insert BEFORE INSERT ON Contratto FOR EACH ROW BEGIN SELECT RAISE(ABORT, 'Il veicolo del contratto deve coincidere con quello della prenotazione') WHERE NOT EXISTS (SELECT 1 FROM Prenotazione p WHERE p.idPrenotazione = NEW.idPrenotazione AND p.idVeicolo = NEW.idVeicolo AND p.stato <> 'rifiutata'); END;
CREATE TRIGGER trg_contratto_veicolo_coerente_update BEFORE UPDATE OF idPrenotazione, idVeicolo ON Contratto FOR EACH ROW BEGIN SELECT RAISE(ABORT, 'Il veicolo del contratto deve coincidere con quello della prenotazione') WHERE NOT EXISTS (SELECT 1 FROM Prenotazione p WHERE p.idPrenotazione = NEW.idPrenotazione AND p.idVeicolo = NEW.idVeicolo AND p.stato <> 'rifiutata'); END;
COMMIT;
